workload,workload_mix,scheme,off_chip_accesses,speedup,throughput,energy_pJ,domain,provenance
MobileNetV2,Workload mix 1,Static,251744.0,1.0,3.922707692307692e-05,196330496.0,Edge,Static row = analytical sim_layer model; Dynamic row = Static x the ASSUMED SCHEDULER_MODEL BATCHDNN_PP factors
MobileNetV2,Workload mix 1,Dynamic,228496.28410730587,1.1885285312237557,4.662250011958589e-05,179856616.06027132,Edge,Static row = analytical sim_layer model; Dynamic row = Static x the ASSUMED SCHEDULER_MODEL BATCHDNN_PP factors
ResNet-18,Workload mix 1,Static,2249984.0,1.0,4.3149262466407884e-05,2387517440.0,Edge,Static row = analytical sim_layer model; Dynamic row = Static x the ASSUMED SCHEDULER_MODEL BATCHDNN_PP factors
ResNet-18,Workload mix 1,Dynamic,2218514.3174573584,1.1000546497859551,4.7466546811006586e-05,2357633643.533239,Edge,Static row = analytical sim_layer model; Dynamic row = Static x the ASSUMED SCHEDULER_MODEL BATCHDNN_PP factors
EfficientDet-Lite0,Workload mix 1,Static,339584.0,1.0,2.0434336677814938e-05,273633280.0,Edge,Static row = analytical sim_layer model; Dynamic row = Static x the ASSUMED SCHEDULER_MODEL BATCHDNN_PP factors
EfficientDet-Lite0,Workload mix 1,Dynamic,321227.16309719934,1.2237457297591647,2.5006432249937108e-05,260250943.3663366,Edge,Static row = analytical sim_layer model; Dynamic row = Static x the ASSUMED SCHEDULER_MODEL BATCHDNN_PP factors
DS-CNN-KWS,Workload mix 2,Static,459088.0,1.0,2.3997449715370016e-05,417964544.0,Edge,Static row = analytical sim_layer model; Dynamic row = Static x the ASSUMED SCHEDULER_MODEL BATCHDNN_PP factors
DS-CNN-KWS,Workload mix 2,Dynamic,432709.9756969702,1.2073955674992398,2.8974414417623652e-05,396291645.1736006,Edge,Static row = analytical sim_layer model; Dynamic row = Static x the ASSUMED SCHEDULER_MODEL BATCHDNN_PP factors
TinyBERT,Workload mix 2,Static,491520.0,1.0,5.222792337164751e-05,394264576.0,Edge,Static row = analytical sim_layer model; Dynamic row = Static x the ASSUMED SCHEDULER_MODEL BATCHDNN_PP factors
TinyBERT,Workload mix 2,Dynamic,393600.00000000006,1.2908101800989522,6.74163351735506e-05,320028049.82278484,Edge,Static row = analytical sim_layer model; Dynamic row = Static x the ASSUMED SCHEDULER_MODEL BATCHDNN_PP factors
U-Net,Workload mix 2,Static,1219136.0,1.0,2.7874751766138857e-05,933681152.0,Edge,Static row = analytical sim_layer model; Dynamic row = Static x the ASSUMED SCHEDULER_MODEL BATCHDNN_PP factors
U-Net,Workload mix 2,Dynamic,1113795.078221247,1.3224198742524154,3.686212572539464e-05,866024484.9779462,Edge,Static row = analytical sim_layer model; Dynamic row = Static x the ASSUMED SCHEDULER_MODEL BATCHDNN_PP factors
SSD-MobileNet,Workload mix 2,Static,1044960.0,1.0,1.1231273338940286e-05,1147102208.0,Edge,Static row = analytical sim_layer model; Dynamic row = Static x the ASSUMED SCHEDULER_MODEL BATCHDNN_PP factors
SSD-MobileNet,Workload mix 2,Dynamic,1040764.9262760624,1.068212561098059,1.1997387257781752e-05,1142600513.8298943,Edge,Static row = analytical sim_layer model; Dynamic row = Static x the ASSUMED SCHEDULER_MODEL BATCHDNN_PP factors
ResNet-50,Workload mix 3,Static,3645440.0,1.0,2.7354675832148856e-06,3389259776.0,Cloud,Static row = analytical sim_layer model; Dynamic row = Static x the ASSUMED SCHEDULER_MODEL BATCHDNN_PP factors
ResNet-50,Workload mix 3,Dynamic,3411518.962334747,1.2193402370673825,3.3354656914073786e-06,3222007315.3485518,Cloud,Static row = analytical sim_layer model; Dynamic row = Static x the ASSUMED SCHEDULER_MODEL BATCHDNN_PP factors
BERT-Large,Workload mix 3,Static,1114112.0,1.0,7.232930383348567e-07,1074790400.0,Cloud,Static row = analytical sim_layer model; Dynamic row = Static x the ASSUMED SCHEDULER_MODEL BATCHDNN_PP factors
BERT-Large,Workload mix 3,Dynamic,980418.5600000002,1.2304604907254055,8.899835068877773e-07,954946514.6902655,Cloud,Static row = analytical sim_layer model; Dynamic row = Static x the ASSUMED SCHEDULER_MODEL BATCHDNN_PP factors
3D-UNet,Workload mix 3,Static,2155296.0,1.0,4.950603550903999e-07,1323936768.0,Cloud,Static row = analytical sim_layer model; Dynamic row = Static x the ASSUMED SCHEDULER_MODEL BATCHDNN_PP factors
3D-UNet,Workload mix 3,Dynamic,1940435.5906582803,1.1084161704911917,5.487329029513106e-07,1205263451.698339,Cloud,Static row = analytical sim_layer model; Dynamic row = Static x the ASSUMED SCHEDULER_MODEL BATCHDNN_PP factors
VGG-16,Workload mix 4,Static,3886080.0,1.0,2.3800608163055227e-06,4393353216.0,Cloud,Static row = analytical sim_layer model; Dynamic row = Static x the ASSUMED SCHEDULER_MODEL BATCHDNN_PP factors
VGG-16,Workload mix 4,Dynamic,3822901.3342000484,1.5003911309435403,3.5710221398910487e-06,4328959636.337851,Cloud,Static row = analytical sim_layer model; Dynamic row = Static x the ASSUMED SCHEDULER_MODEL BATCHDNN_PP factors
DLRM,Workload mix 4,Static,454656.0,1.0,4.0030026120152703e-07,478674944.0,Cloud,Static row = analytical sim_layer model; Dynamic row = Static x the ASSUMED SCHEDULER_MODEL BATCHDNN_PP factors
DLRM,Workload mix 4,Dynamic,439500.8,1.2314666317546559,4.929564143523535e-07,463352842.97047293,Cloud,Static row = analytical sim_layer model; Dynamic row = Static x the ASSUMED SCHEDULER_MODEL BATCHDNN_PP factors
RNN-T,Workload mix 4,Static,327680.0,1.0,3.0985211194159567e-07,247201792.0,Cloud,Static row = analytical sim_layer model; Dynamic row = Static x the ASSUMED SCHEDULER_MODEL BATCHDNN_PP factors
RNN-T,Workload mix 4,Dynamic,293948.23529411765,1.1328449435373416,3.5101439825740297e-07,223130075.37042925,Cloud,Static row = analytical sim_layer model; Dynamic row = Static x the ASSUMED SCHEDULER_MODEL BATCHDNN_PP factors
GPT-2/Transformer,Workload mix 4,Static,1056768.0,1.0,5.462534585151827e-07,892600320.0,Cloud,Static row = analytical sim_layer model; Dynamic row = Static x the ASSUMED SCHEDULER_MODEL BATCHDNN_PP factors
GPT-2/Transformer,Workload mix 4,Dynamic,898252.8,1.139470568703286,6.224397390304321e-07,770502423.0165137,Cloud,Static row = analytical sim_layer model; Dynamic row = Static x the ASSUMED SCHEDULER_MODEL BATCHDNN_PP factors
